{"inputUnits":[34],"outputUnits":4,"inputs":{"0":{"dtype":"number","min":262.4794237901265,"max":583.5064400402025},"1":{"dtype":"number","min":43.080896756064575,"max":201.48642484316105},"2":{"dtype":"number","min":279.03189865067776,"max":607.7704688639956},"3":{"dtype":"number","min":22.16994467412451,"max":196.07071308774243},"4":{"dtype":"number","min":247.74038055063687,"max":566.291462345346},"5":{"dtype":"number","min":24.86730078314993,"max":189.6222760983478},"6":{"dtype":"number","min":293.467618593446,"max":642.1645346318702},"7":{"dtype":"number","min":38.32369778406759,"max":214.53501423045356},"8":{"dtype":"number","min":214.97258524022678,"max":546.6494109751186},"9":{"dtype":"number","min":48.96949204025566,"max":207.16985442759},"10":{"dtype":"number","min":306.56483809771703,"max":666.9770260821984},"11":{"dtype":"number","min":160.21042671648908,"max":258.1416647350742},"12":{"dtype":"number","min":186.70459791843993,"max":529.9018260198809},"13":{"dtype":"number","min":145.1371961066695,"max":269.03099445981275},"14":{"dtype":"number","min":313.62400752561103,"max":666.2775821908439},"15":{"dtype":"number","min":78.66249886004377,"max":359.77561624133637},"16":{"dtype":"number","min":127.79444178718538,"max":486.00874785783225},"17":{"dtype":"number","min":77.11739358271143,"max":374.98277241153943},"18":{"dtype":"number","min":211.32741490226775,"max":672.2468228470027},"19":{"dtype":"number","min":30.61546117879074,"max":464.58629088643},"20":{"dtype":"number","min":-15.905923212548638,"max":441.14333750208993},"21":{"dtype":"number","min":5.606792761657957,"max":466.78751310949656},"22":{"dtype":"number","min":302.20965552422786,"max":638.045299136685},"23":{"dtype":"number","min":365.4305602789853,"max":498.73501076308673},"24":{"dtype":"number","min":171.86745728964007,"max":606.1886264192456},"25":{"dtype":"number","min":370.8763698473979,"max":509.136156015359},"26":{"dtype":"number","min":259.0457390811193,"max":604.1998991613722},"27":{"dtype":"number","min":533.6373129521827,"max":600.5333760183609},"28":{"dtype":"number","min":188.9321400683214,"max":540.6631303482947},"29":{"dtype":"number","min":531.64683776143,"max":603.4332821619649},"30":{"dtype":"number","min":242.99677689251732,"max":610.8864073994558},"31":{"dtype":"number","min":543.2206328276994,"max":588.4803552293592},"32":{"dtype":"number","min":194.41322326660156,"max":553.2414693869506},"33":{"dtype":"number","min":548.6015877927788,"max":588.183629373632}},"outputs":{"0":{"dtype":"string","min":0,"max":1,"uniqueValues":["y","m","c","a"],"legend":{"y":[1,0,0,0],"m":[0,1,0,0],"c":[0,0,1,0],"a":[0,0,0,1]}}},"isNormalized":true}